feature,importance,rank
num__odometer,3213,1
num__year,2811,2
num__odo_per_year,2509,3
num__manufacturer_price_mean,1389,4
num__state_price_mean,1388,5
num__age_odo_per_year,828,6
num__log_odometer,619,7
num__age,616,8
cat__fuel_diesel,404,9
cat__drive_4wd,348,10
cat__condition_,339,11
cat__drive_fwd,321,12
cat__type_,285,13
cat__fuel_gas,278,14
cat__type_sedan,275,15
cat__drive_rwd,271,16
cat__type_truck,264,17
cat__drive_,261,18
cat__condition_excellent,223,19
cat__type_pickup,216,20
cat__type_suv,198,21
cat__model_f-series,194,22
cat__model_Silverado,185,23
cat__condition_good,174,24
cat__model_wrangler,162,25
cat__transmission_automatic,155,26
cat__condition_like new,148,27
cat__manufacturer_ford,134,28
cat__model_land cruiser,130,29
cat__model_escape,126,30
cat__transmission_manual,123,31
cat__title_status_clean,118,32
cat__model_focus,112,33
cat__model_tundra,107,34
cat__model_Corvette,106,35
cat__manufacturer_lexus,104,36
cat__type_coupe,104,37
cat__state_ca,102,38
cat__model_fusion,102,39
cat__model_Equinox,98,40
cat__state_fl,97,41
cat__model_escalade,97,42
cat__type_van,95,43
cat__transmission_other,92,44
cat__model_Cruze,92,45
cat__manufacturer_bmw,91,46
cat__manufacturer_chevrolet,91,47
cat__manufacturer_mercedes-benz,90,48
cat__model_corolla,90,49
cat__model_Tahoe,90,50
num__age2,89,51
cat__model_4runner,86,52
cat__model_Sierra,86,53
cat__state_tx,83,54
cat__fuel_other,83,55
cat__model_Terrain,83,56
cat__model_2500,82,57
cat__model_tacoma,82,58
cat__model_1500,81,59
cat__condition_fair,81,60
cat__title_status_rebuilt,81,61
cat__model_fiesta,80,62
cat__model_super,79,63
cat__model_Suburban,76,64
cat__model_s,75,65
cat__model_Malibu,75,66
cat__model_3500,75,67
cat__model_Trax,74,68
cat__title_status_salvage,73,69
cat__model_versa,72,70
cat__model_compass,71,71
cat__model_Sonic,71,72
cat__type_other,70,73
cat__model_patriot,70,74
cat__manufacturer_dodge,70,75
cat__model_sentra,69,76
cat__model_c,69,77
cat__type_hatchback,69,78
cat__model_renegade,69,79
cat__type_convertible,68,80
cat__model_fj,68,81
cat__model_journey,65,82
cat__model_Yukon,65,83
cat__model_cherokee,64,84
cat__model_a4,64,85
cat__manufacturer_rover,63,86
cat__model_3 Series,62,87
cat__model_edge,62,88
cat__title_status_,62,89
cat__model_Acadia,61,90
cat__model_a3,61,91
cat__model_titan,60,92
cat__model_camry,59,93
cat__model_X1,58,94
cat__model_Spark,58,95
cat__manufacturer_jeep,58,96
cat__model_f350,58,97
cat__model_navigator,58,98
cat__model_soul,56,99
cat__model_rav4,56,100
cat__manufacturer_toyota,55,101
cat__model_f150,55,102
cat__model_grand,54,103
cat__state_nc,53,104
cat__model_911,53,105
cat__model_gla,53,106
cat__model_Impala,53,107
cat__model_ecosport,53,108
cat__model_armada,52,109
cat__model_cla,52,110
cat__model_f250,51,111
cat__model_dart,51,112
cat__model_jetta,51,113
cat__model_sequoia,50,114
cat__model_5500,50,115
cat__model_M3,50,116
cat__model_328i,49,117
cat__model_forte,49,118
cat__model_200,49,119
cat__model_Encore,48,120
cat__model_yaris,48,121
cat__model_q5,48,122
cat__model_expedition,48,123
cat__model_civic,48,124
cat__manufacturer_gmc,48,125
cat__model_discovery,47,126
cat__state_ok,47,127
cat__manufacturer_ram,47,128
cat__model_excursion,46,129
cat__fuel_electric,46,130
cat__manufacturer_lincoln,46,131
cat__manufacturer_volkswagen,45,132
cat__model_X3,45,133
cat__model_altima,44,134
cat__manufacturer_honda,44,135
cat__manufacturer_acura,44,136
cat__condition_salvage,44,137
cat__manufacturer_audi,43,138
cat__state_co,43,139
cat__state_or,43,140
cat__model_rio,43,141
cat__model_prius,43,142
cat__model_Enclave,42,143
cat__model_taurus,42,144
cat__model_wrx,42,145
cat__model_explorer,42,146
cat__model_X6,41,147
cat__model_a5,41,148
cat__model_pilot,40,149
cat__model_mirage,40,150
cat__model_challenger,40,151
cat__model_durango,40,152
cat__model_rogue,40,153
cat__model_lifted,40,154
cat__model_accent,40,155
cat__model_hrv,40,156
cat__model_is,40,157
cat__model_atlas,40,158
cat__model_mkc,39,159
cat__state_al,39,160
cat__model_evoque,39,161
cat__manufacturer_volvo,38,162
cat__model_4,38,163
cat__model_ridgeline,38,164
cat__model_sl,38,165
cat__model_avenger,38,166
cat__title_status_lien,38,167
cat__model_Canyon,38,168
cat__model_accord,37,169
cat__model_ranger,37,170
cat__model_ilx,37,171
cat__fuel_hybrid,37,172
cat__model_odyssey,37,173
cat__model_model,37,174
cat__model_elantra,37,175
cat__model_Colorado,37,176
cat__model_impreza,36,177
cat__model_a6,36,178
cat__model_sienna,36,179
cat__model_Aveo,36,180
cat__model_passat,36,181
cat__model_Avalanche,36,182
cat__model_fit,35,183
cat__manufacturer_fiat,35,184
cat__model_cobalt,35,185
cat__state_wa,35,186
cat__model_X5,35,187
cat__model_highlander,35,188
cat__model_370z,35,189
cat__manufacturer_cadillac,34,190
cat__state_nm,34,191
cat__manufacturer_mitsubishi,34,192
cat__model_gladiator,34,193
cat__model_legacy,34,194
cat__state_ia,33,195
cat__model_hhr,33,196
cat__model_avalon,33,197
cat__model_liberty,33,198
cat__title_status_missing,33,199
cat__model_ben bens bentz benz bends bennz,33,200
cat__model_7 Series,33,201
cat__model_sport,32,202
cat__model_f550,32,203
cat__model_Envoy,32,204
cat__model_pt,32,205
cat__model_Traverse,32,206
cat__model_glk,32,207
cat__model_crown victoria,32,208
cat__model_Camaro,32,209
cat__model_ats,31,210
cat__state_la,31,211
cat__model_pickup,30,212
cat__model_qx56,29,213
cat__model_f450,29,214
cat__model_TrailBlazer,27,215
cat__model_glc,27,216
cat__model_gx,27,217
cat__state_ak,27,218
cat__state_nj,27,219
cat__model_sportage,27,220
cat__state_sc,27,221
cat__model_gl,27,222
cat__model_q50,26,223
cat__state_ny,26,224
cat__state_az,26,225
cat__state_pa,26,226
cat__model_cooper,26,227
cat__model_maxima,26,228
cat__manufacturer_alfa-romeo,26,229
cat__model_mazda3,25,230
cat__state_sd,25,231
cat__model_Express,25,232
cat__state_me,25,233
cat__state_il,25,234
cat__model_genesis,25,235
cat__model_charger,25,236
cat__state_mi,24,237
cat__model_juke,24,238
cat__model_mkz,24,239
cat__model_caliber,23,240
cat__model_frontier,23,241
cat__type_bus,23,242
cat__state_tn,23,243
cat__model_boxster,22,244
cat__manufacturer_infiniti,22,245
cat__model_scion,22,246
cat__model_thunderbird,22,247
cat__model_500,22,248
cat__model_Savana,22,249
cat__model_ls,22,250
cat__model_xc90,22,251
cat__model_bronco,21,252
cat__model_nx,21,253
cat__model_pathfinder,21,254
cat__state_ga,21,255
cat__model_transit,21,256
cat__state_vt,21,257
cat__model_flex,21,258
cat__model_tiguan,21,259
cat__model_mustang,21,260
cat__model_gti,21,261
cat__type_offroad,20,262
cat__state_hi,20,263
cat__state_oh,20,264
cat__model_es,20,265
cat__model_new,20,266
cat__model_sebring,20,267
cat__manufacturer_hyundai,20,268
cat__model_leaf,20,269
cat__transmission_,20,270
cat__manufacturer_porsche,19,271
cat__manufacturer_pontiac,19,272
cat__model_Volt,19,273
cat__model_300,19,274
cat__model_element,19,275
cat__model_rdx,19,276
cat__model_350z,19,277
cat__model_veloster,19,278
cat__condition_new,19,279
cat__model_santafe,18,280
cat__model_forester,18,281
cat__state_id,18,282
cat__state_ky,18,283
cat__model_528i,17,284
cat__state_wv,17,285
cat__manufacturer_nissan,17,286
cat__model_rx,16,287
cat__model_econoline,16,288
cat__model_g6,16,289
cat__model_S10,16,290
cat__model_4 Series,16,291
cat__model_mdx,16,292
cat__model_pacifica,16,293
cat__model_xc60,15,294
cat__model_promaster,15,295
cat__model_cx5,15,296
cat__model_q7,15,297
cat__model_sonata,15,298
cat__manufacturer_kia,15,299
cat__model_continental,15,300
cat__state_ar,15,301
cat__model_crosstrek,15,302
cat__model_matrix,15,303
cat__model_outlander,14,304
cat__state_in,14,305
cat__state_ks,14,306
cat__state_ma,14,307
cat__model_deville,13,308
cat__model_nitro,13,309
cat__model_srx,13,310
cat__manufacturer_subaru,13,311
cat__state_md,13,312
cat__manufacturer_chrysler,13,313
cat__model_caravan,12,314
cat__model_Blazer,12,315
cat__manufacturer_jaguar,12,316
cat__type_wagon,12,317
cat__model_g,12,318
cat__manufacturer_saturn,11,319
cat__fuel_,11,320
cat__model_murano,11,321
cat__model_crv,11,322
cat__model_Verano,10,323
cat__model_optima,10,324
cat__state_va,10,325
cat__type_mini-van,10,326
cat__model_rx350,10,327
cat__model_s60,10,328
cat__model_z3,10,329
cat__model_qx60,10,330
cat__model_venza,9,331
cat__model_beetle,9,332
cat__state_mn,9,333
cat__state_mo,9,334
cat__model_mazda5,9,335
cat__state_nv,9,336
cat__manufacturer_buick,9,337
cat__state_ct,8,338
cat__model_romeo,8,339
cat__model_e,8,340
cat__model_solara,8,341
cat__model_s5,8,342
cat__state_de,7,343
cat__model_tlx,7,344
cat__model_e250,7,345
cat__state_wi,6,346
cat__state_ri,6,347
cat__state_mt,6,348
cat__state_ut,5,349
cat__model_vue,5,350
cat__model_335i,5,351
cat__model_Century,5,352
cat__model_Rendezvous,4,353
cat__model_xterra,4,354
cat__state_dc,4,355
cat__model_cts,4,356
cat__model_quest,4,357
cat__manufacturer_tesla,4,358
cat__model_LeSabre,3,359
cat__model_mazda6,3,360
cat__model_lancer,3,361
cat__model_xv,3,362
cat__model_m,3,363
cat__state_ne,2,364
cat__state_nh,2,365
cat__manufacturer_mini,2,366
cat__model_xf,2,367
cat__model_golf,2,368
cat__model_325i,2,369
cat__manufacturer_mazda,2,370
cat__model_gs,1,371
cat__model_e350,1,372
cat__model_5 Series,1,373
cat__model_miata,1,374
cat__model_sprinter,1,375
cat__model_928,0,376
cat__model_928s,0,377
cat__model_940,0,378
cat__model_944,0,379
cat__model_960,0,380
cat__model_968,0,381
cat__model_986,0,382
cat__model_Alpina,0,383
cat__model_Altec,0,384
cat__model_Astro,0,385
cat__model_Astro Van,0,386
cat__model_Brigadier,0,387
cat__model_Bus,0,388
cat__model_C10,0,389
cat__model_C1500,0,390
cat__model_C20,0,391
cat__model_C2500,0,392
cat__model_C35,0,393
cat__model_C3500,0,394
cat__model_C4500,0,395
cat__model_C5500,0,396
cat__model_C6500,0,397
cat__model_C7000,0,398
cat__model_C7500,0,399
cat__model_C8500,0,400
cat__model_CI (Unknown),0,401
cat__model_CXL,0,402
cat__model_Caballero,0,403
cat__model_Camaro 1LT,0,404
cat__model_Caprice,0,405
cat__model_Captiva,0,406
cat__model_Cargo Truck,0,407
cat__model_Cascada,0,408
cat__model_Cavalier,0,409
cat__model_Corvette Stingray,0,410
cat__model_Delivery Truck,0,411
cat__model_Denali,0,412
cat__model_Dump Truck,0,413
cat__model_Duramax,0,414
cat__model_E30,0,415
cat__model_E39,0,416
cat__model_E90,0,417
cat__model_Envision,0,418
cat__model_Flatbed,0,419
cat__model_G20,0,420
cat__model_G2500,0,421
cat__model_G30,0,422
cat__model_G3500,0,423
cat__model_GMT Platform,0,424
cat__model_GN,0,425
cat__model_Geo (Chevy Geo Era),0,426
cat__model_Gladiator (Coachbuilder),0,427
cat__model_Grand National,0,428
cat__model_Jimmy,0,429
cat__model_K10,0,430
cat__model_K1500,0,431
cat__model_K2500,0,432
cat__model_K30,0,433
cat__model_K3500,0,434
cat__model_K5 Blazer,0,435
cat__model_Kodiak,0,436
cat__model_LaCrosse,0,437
cat__model_Lifted Truck,0,438
cat__model_Long Bed,0,439
cat__model_Lucerne,0,440
cat__model_Lumina,0,441
cat__model_M Series,0,442
cat__model_M2,0,443
cat__model_M3CIC,0,444
cat__model_M4,0,445
cat__model_M5,0,446
cat__model_M6,0,447
cat__model_New Model,0,448
cat__model_P30,0,449
cat__model_Park Avenue,0,450
cat__model_Pickup,0,451
cat__model_Prizm,0,452
cat__model_R1200RT,0,453
cat__model_Rainier,0,454
cat__model_Reatta,0,455
cat__model_Regal,0,456
cat__model_Riviera,0,457
cat__model_Roadmaster,0,458
cat__model_S15,0,459
cat__model_Safari,0,460
cat__model_Sand Rail,0,461
cat__model_School Bus,0,462
cat__model_Sierra 1500,0,463
cat__model_Sierra 2500,0,464
cat__model_Sierra 2500 HD,0,465
cat__model_Sierra 3500,0,466
cat__model_Silverado 1500,0,467
cat__model_Skylark,0,468
cat__model_Sonoma,0,469
cat__model_Sportside,0,470
cat__model_Step Van,0,471
cat__model_540i,0,472
cat__model_TopKick,0,473
cat__model_TopKick C4500,0,474
cat__model_TopKick C5500,0,475
cat__model_TopKick C6500,0,476
cat__model_TopKick T7500,0,477
cat__model_Tracker,0,478
cat__model_Typhoon,0,479
cat__model_Uplander,0,480
cat__model_Van,0,481
cat__model_Vandura,0,482
cat__model_Venture,0,483
cat__model_W4,0,484
cat__model_W4500,0,485
cat__model_W5500,0,486
cat__model_X Series,0,487
cat__model_X2,0,488
cat__model_X4,0,489
cat__model_X5M,0,490
cat__model_Z28,0,491
cat__model_Z3,0,492
cat__model_Z71,0,493
cat__model_ZR2,0,494
cat__model_a,0,495
cat__model_a7,0,496
cat__model_a8,0,497
cat__model_a8l,0,498
cat__model_acadia,0,499
cat__model_acty,0,500
cat__model_aero,0,501
cat__model_all,0,502
cat__model_allante,0,503
cat__model_allroad,0,504
cat__model_amanti,0,505
cat__model_amer,0,506
cat__model_amg e63amg,0,507
cat__model_arteon,0,508
cat__model_ascent,0,509
cat__model_aspen,0,510
cat__model_aspire,0,511
cat__model_astra,0,512
cat__model_aura,0,513
cat__model_aurora,0,514
cat__model_auru,0,515
cat__model_avanger,0,516
cat__model_aviator,0,517
cat__model_awd,0,518
cat__model_azera,0,519
cat__model_aztec,0,520
cat__model_aztek,0,521
cat__model_b,0,522
cat__model_b-series,0,523
cat__model_b1500,0,524
cat__model_b2200,0,525
cat__model_b2300,0,526
cat__model_b2500,0,527
cat__model_b3000,0,528
cat__model_b9 tribeca,0,529
cat__model_baja,0,530
cat__model_barth,0,531
cat__model_belair,0,532
cat__model_bens,0,533
cat__model_big,0,534
cat__model_blackwood,0,535
cat__model_bolt,0,536
cat__model_bongo,0,537
cat__model_bonneville,0,538
cat__model_boom,0,539
cat__model_borrego,0,540
cat__model_box,0,541
cat__model_boxter,0,542
cat__model_brat,0,543
cat__model_brougham,0,544
cat__model_brz,0,545
cat__model_bucket,0,546
cat__model_bus,0,547
cat__model_c-max,0,548
cat__model_c230,0,549
cat__model_c240,0,550
cat__model_c250,0,551
cat__model_c280,0,552
cat__model_c30,0,553
cat__model_c300,0,554
cat__model_c320,0,555
cat__model_c350,0,556
cat__model_c7,0,557
cat__model_c70,0,558
cat__model_cabrio,0,559
cat__model_cabriolet,0,560
cat__model_cadenza,0,561
cat__model_california,0,562
cat__model_calvier,0,563
cat__model_camero,0,564
cat__model_capri,0,565
cat__model_cargo,0,566
cat__model_cargo van,0,567
cat__model_carrera,0,568
cat__model_catera,0,569
cat__model_cayenne,0,570
cat__model_cayman,0,571
cat__model_cb650,0,572
cat__model_cbr600rr,0,573
cat__model_cc,0,574
cat__model_cc4500,0,575
cat__model_celica,0,576
cat__model_celsior,0,577
cat__model_cf8000,0,578
cat__model_chassis,0,579
cat__model_cherooke,0,580
cat__model_cheyanne,0,581
cat__model_cheyenne,0,582
cat__model_cirrus,0,583
cat__model_city,0,584
cat__model_cj,0,585
cat__model_cj5,0,586
cat__model_cj7,0,587
cat__model_cj8,0,588
cat__model_cl,0,589
cat__model_cl500,0,590
cat__model_cl55,0,591
cat__model_cl600,0,592
cat__model_cl63,0,593
cat__model_cla250,0,594
cat__model_clarity,0,595
cat__model_classic,0,596
cat__model_clk,0,597
cat__model_clk350,0,598
cat__model_clk550,0,599
cat__model_cls,0,600
cat__model_cls550,0,601
cat__model_club wagon,0,602
cat__model_clubman,0,603
cat__model_coblat,0,604
cat__model_comanche,0,605
cat__model_commander,0,606
cat__model_commercial,0,607
cat__model_concorde,0,608
cat__model_conquest,0,609
cat__model_contour,0,610
cat__model_convertible,0,611
cat__model_corrado,0,612
cat__model_corsair,0,613
cat__model_cougar,0,614
cat__model_couger,0,615
cat__model_country,0,616
cat__model_countryman,0,617
cat__model_coupe,0,618
cat__model_cressida,0,619
cat__model_crew,0,620
cat__model_crossfire,0,621
cat__model_crosstour,0,622
cat__model_crown,0,623
cat__model_crusie,0,624
cat__model_cruz,0,625
cat__model_crx,0,626
cat__model_crz,0,627
cat__model_ct,0,628
cat__model_ct200h,0,629
cat__model_ct4,0,630
cat__model_ct5,0,631
cat__model_ct6,0,632
cat__model_cube,0,633
cat__model_cummins,0,634
cat__model_custom,0,635
cat__model_cv,0,636
cat__model_cx7,0,637
cat__model_cx9,0,638
cat__model_d100,0,639
cat__model_d150,0,640
cat__model_d21,0,641
cat__model_d250,0,642
cat__model_d30,0,643
cat__model_d350,0,644
cat__model_dakota,0,645
cat__model_davidson,0,646
cat__model_daytona,0,647
cat__model_defender,0,648
cat__model_dege,0,649
cat__model_deisel,0,650
cat__model_del sol,0,651
cat__model_delica,0,652
cat__model_dhs,0,653
cat__model_diamante,0,654
cat__model_diesel,0,655
cat__model_diesels,0,656
cat__model_diplomat,0,657
cat__model_dokota,0,658
cat__model_dts,0,659
cat__model_duelly,0,660
cat__model_dump,0,661
cat__model_e150,0,662
cat__model_e300,0,663
cat__model_e320,0,664
cat__model_frasier,0,665
cat__model_freelander,0,666
cat__model_freestar,0,667
cat__model_freestyle,0,668
cat__model_ftype,0,669
cat__model_fuso,0,670
cat__model_fx,0,671
cat__model_fx1,0,672
cat__model_fx35,0,673
cat__model_fx37,0,674
cat__model_fx50,0,675
cat__model_g25,0,676
cat__model_g25x,0,677
cat__model_g35,0,678
cat__model_g35s,0,679
cat__model_g35x,0,680
cat__model_g37,0,681
cat__model_g37s,0,682
cat__model_g37x,0,683
cat__model_g37xs,0,684
cat__model_g5,0,685
cat__model_g63,0,686
cat__model_g8,0,687
cat__model_galant,0,688
cat__model_girardin,0,689
cat__model_gl350,0,690
cat__model_gl450,0,691
cat__model_gl550,0,692
cat__model_flhtcu103,0,693
cat__model_gla250,0,694
cat__model_gle,0,695
cat__model_gli,0,696
cat__model_glk350,0,697
cat__model_gls,0,698
cat__model_gls550,0,699
cat__model_gmt,0,700
cat__model_goldwing,0,701
cat__model_gr,0,702
cat__model_gs300,0,703
cat__model_gs350,0,704
cat__model_gs430,0,705
cat__model_gt,0,706
cat__model_gt3,0,707
cat__model_gto,0,708
cat__model_gtr,0,709
cat__model_gx460,0,710
cat__model_gx470,0,711
cat__model_hardbody,0,712
cat__model_hardtop,0,713
cat__model_hd,0,714
cat__model_hearse,0,715
cat__model_hiace,0,716
cat__model_high,0,717
cat__manufacturer_aston-martin,0,718
cat__model_hilux,0,719
cat__manufacturer_datsun,0,720
cat__model_hs,0,721
cat__model_hs250h,0,722
cat__model_hse,0,723
cat__model_i,0,724
cat__model_i3,0,725
cat__model_i30,0,726
cat__model_i35,0,727
cat__model_i8,0,728
cat__manufacturer_ferrari,0,729
cat__model_imiev,0,730
cat__model_imperial,0,731
cat__model_impla,0,732
cat__state_nd,0,733
cat__model_insight,0,734
cat__model_integra,0,735
cat__model_interstate,0,736
cat__model_intrepid,0,737
cat__model_ion,0,738
cat__model_ioniq,0,739
cat__state_wy,0,740
cat__model_is200t,0,741
cat__model_is250,0,742
cat__model_is300,0,743
cat__model_is350,0,744
cat__model_is350c,0,745
cat__model_isf,0,746
cat__model_fleetwood,0,747
cat__model_jettavolkswagen,0,748
cat__model_jk,0,749
cat__model_jku,0,750
cat__model_flax,0,751
cat__model_135i,0,752
cat__model_jx,0,753
cat__model_jx35,0,754
cat__model_k,0,755
cat__model_k1500,0,756
cat__model_k5,0,757
cat__model_k900,0,758
cat__model_kicks,0,759
cat__model_kodiak,0,760
cat__model_kona,0,761
cat__model_l,0,762
cat__model_l200,0,763
cat__model_l300,0,764
cat__model_l322,0,765
cat__model_l8000,0,766
cat__model_labaron,0,767
cat__model_15,0,768
cat__model_fj62,0,769
cat__model_laramie,0,770
cat__model_lc,0,771
cat__model_lcf,0,772
cat__model_le,0,773
cat__model_150,0,774
cat__model_lebaron,0,775
cat__model_1500outdoorsman,0,776
cat__model_legend,0,777
cat__model_19,0,778
cat__model_liberty4x4,0,779
cat__model_library,0,780
cat__model_1988,0,781
cat__model_limited,0,782
cat__model_limousine,0,783
cat__model_ln,0,784
cat__model_long,0,785
cat__model_lr2,0,786
cat__model_lr3,0,787
cat__model_lr4,0,788
cat__model_2,0,789
cat__model_ls400,0,790
cat__model_ls430,0,791
cat__model_ls460,0,792
cat__model_ls460l,0,793
cat__model_lt,0,794
cat__model_lt9513,0,795
cat__model_ltd,0,796
cat__model_lumima,0,797
cat__model_luxury,0,798
cat__model_lw300,0,799
cat__model_lx,0,800
cat__model_lx450,0,801
cat__model_lx470,0,802
cat__model_2 Series,0,803
cat__model_m35,0,804
cat__model_m35x,0,805
cat__model_m37,0,806
cat__model_m37x,0,807
cat__model_m45,0,808
cat__model_m813a1,0,809
cat__model_macan,0,810
cat__model_magna,0,811
cat__model_magnum,0,812
cat__model_maibu,0,813
cat__model_malibi,0,814
cat__model_mariner,0,815
cat__model_mark,0,816
cat__model_marquis,0,817
cat__model_martin,0,818
cat__model_200s,0,819
cat__model_2013,0,820
cat__model_mazda2,0,821
cat__model_2016,0,822
cat__model_210,0,823
cat__model_228i,0,824
cat__model_mazdaspeed,0,825
cat__model_mazdaspeed3,0,826
cat__model_md,0,827
cat__model_22re,0,828
cat__model_mercedes,0,829
cat__model_metris,0,830
cat__model_230ge,0,831
cat__model_milan,0,832
cat__model_mirada,0,833
cat__model_230i,0,834
cat__model_mk,0,835
cat__model_mk4,0,836
cat__model_240,0,837
cat__model_mks,0,838
cat__model_mkt,0,839
cat__model_mkx,0,840
cat__model_240d,0,841
cat__model_ml,0,842
cat__model_ml320,0,843
cat__model_ml350,0,844
cat__model_240m,0,845
cat__model_modle,0,846
cat__model_montana,0,847
cat__model_monte,0,848
cat__model_montego,0,849
cat__model_monterey,0,850
cat__model_monteri,0,851
cat__model_montero,0,852
cat__model_morano,0,853
cat__model_motorhome,0,854
cat__model_mountaineer,0,855
cat__model_mpv,0,856
cat__model_mr2,0,857
cat__model_245,0,858
cat__model_250,0,859
cat__model_mustang gt350,0,860
cat__model_mustang shelby,0,861
cat__model_mx5,0,862
cat__model_nautilus,0,863
cat__model_five,0,864
cat__model_neon,0,865
cat__model_2500hd,0,866
cat__model_niro,0,867
cat__model_280zx,0,868
cat__model_nsx,0,869
cat__model_nv,0,870
cat__model_nv1500,0,871
cat__model_nv200,0,872
cat__model_nv2500,0,873
cat__model_nv3500,0,874
cat__model_nv3500hd,0,875
cat__model_29,0,876
cat__model_odessey,0,877
cat__model_3,0,878
cat__model_one,0,879
cat__model_3000,0,880
cat__model_outback,0,881
cat__model_3000gt,0,882
cat__model_outlook,0,883
cat__model_paceman,0,884
cat__model_300c,0,885
cat__model_pajero,0,886
cat__model_palisade,0,887
cat__model_panamera,0,888
cat__model_partiot,0,889
cat__model_300d,0,890
cat__model_passport,0,891
cat__model_300m,0,892
cat__model_300s,0,893
cat__model_patroit,0,894
cat__model_phaeton,0,895
cat__model_pick,0,896
cat__model_300sd,0,897
cat__model_300se,0,898
cat__model_pininfarina,0,899
cat__model_police,0,900
cat__model_prelude,0,901
cat__model_300tdt,0,902
cat__model_pro,0,903
cat__model_probe,0,904
cat__model_300zx,0,905
cat__model_protege,0,906
cat__model_protege5,0,907
cat__model_prowler,0,908
cat__model_318i,0,909
cat__model_pulsar,0,910
cat__model_q3,0,911
cat__model_q40,0,912
cat__model_q45,0,913
cat__model_q45t,0,914
cat__model_firehawk,0,915
cat__model_320i,0,916
cat__model_q50s,0,917
cat__model_q60,0,918
cat__model_q60s,0,919
cat__model_323i,0,920
cat__model_q70,0,921
cat__model_q70l,0,922
cat__model_q8,0,923
cat__model_quad,0,924
cat__model_quattro,0,925
cat__model_325ci,0,926
cat__model_qx,0,927
cat__model_qx30,0,928
cat__model_qx4,0,929
cat__model_qx50,0,930
cat__model_325cic,0,931
cat__model_325e,0,932
cat__model_qx70,0,933
cat__model_qx80,0,934
cat__model_r,0,935
cat__model_r32,0,936
cat__model_r320,0,937
cat__model_r350,0,938
cat__model_r8,0,939
cat__model_rabbit,0,940
cat__model_ram1500,0,941
cat__model_ram2500,0,942
cat__model_ram3500,0,943
cat__model_ramcharger,0,944
cat__model_rampage,0,945
cat__model_range,0,946
cat__model_325ic,0,947
cat__model_raptor,0,948
cat__model_firebird,0,949
cat__model_rc,0,950
cat__model_rc200t,0,951
cat__model_rc350,0,952
cat__model_325ix,0,953
cat__model_relay,0,954
cat__model_fifth,0,955
cat__model_325xi,0,956
cat__model_328,0,957
cat__model_rio5,0,958
cat__model_rl,0,959
cat__model_rlx,0,960
cat__model_roadster,0,961
cat__model_328ci,0,962
cat__model_328d,0,963
cat__model_rondo,0,964
cat__model_routan,0,965
cat__model_routen,0,966
cat__model_rs,0,967
cat__model_rs3,0,968
cat__model_rs5,0,969
cat__model_rs7,0,970
cat__model_rsx,0,971
cat__model_fiero,0,972
cat__model_328gt,0,973
cat__model_rx300,0,974
cat__model_rx330,0,975
cat__model_328xDrive,0,976
cat__model_rx400h,0,977
cat__model_rx450h,0,978
cat__model_rx7,0,979
cat__model_rx8,0,980
cat__model_festiva,0,981
cat__model_s2000,0,982
cat__model_s3,0,983
cat__model_s320,0,984
cat__model_s4,0,985
cat__model_s40,0,986
cat__model_s400,0,987
cat__model_s420,0,988
cat__model_s430,0,989
cat__model_328xi,0,990
cat__model_s500,0,991
cat__model_s550,0,992
cat__model_s6,0,993
cat__model_330ci,0,994
cat__model_s60r,0,995
cat__model_s7,0,996
cat__model_s70,0,997
cat__model_s8,0,998
cat__model_s80,0,999
cat__model_s90,0,1000
cat__model_sable,0,1001
cat__model_sabre,0,1002
cat__model_330e,0,1003
cat__model_sc,0,1004
cat__model_sc1,0,1005
cat__model_sc2,0,1006
cat__model_sc300,0,1007
cat__model_sc400,0,1008
cat__model_sc430,0,1009
cat__model_school,0,1010
cat__model_330i,0,1011
cat__model_330xi,0,1012
cat__model_sedan,0,1013
cat__model_sedona,0,1014
cat__model_seirra,0,1015
cat__model_feaf,0,1016
cat__model_f800,0,1017
cat__model_sevile,0,1018
cat__model_seville,0,1019
cat__model_short,0,1020
cat__model_si,0,1021
cat__model_335,0,1022
cat__model_silver,0,1023
cat__model_silverardo,0,1024
cat__model_sivlerado,0,1025
cat__model_sky,0,1026
cat__model_skyline,0,1027
cat__model_335d,0,1028
cat__model_sl1,0,1029
cat__model_sl2,0,1030
cat__model_sl500,0,1031
cat__model_sl550,0,1032
cat__model_sl560,0,1033
cat__model_sl600,0,1034
cat__model_sliverado,0,1035
cat__model_slk,0,1036
cat__model_slk230,0,1037
cat__model_slk350,0,1038
cat__model_sls,0,1039
cat__model_slt,0,1040
cat__model_sltima,0,1041
cat__model_335is,0,1042
cat__model_solstice,0,1043
cat__model_soltice,0,1044
cat__model_335xi,0,1045
cat__model_sorento,0,1046
cat__model_f7b042,0,1047
cat__model_spectra,0,1048
cat__model_spirit,0,1049
cat__model_340ix,0,1050
cat__model_348,0,1051
cat__model_sportster,0,1052
cat__model_350,0,1053
cat__model_sq5,0,1054
cat__model_srt,0,1055
cat__model_352i,0,1056
cat__model_ss,0,1057
cat__model_ssr,0,1058
cat__model_st,0,1059
cat__model_stanza,0,1060
cat__model_stealth,0,1061
cat__model_step,0,1062
cat__model_stinger,0,1063
cat__model_stratus,0,1064
cat__model_sts,0,1065
cat__model_suburan,0,1066
cat__model_sunbird,0,1067
cat__model_sunfire,0,1068
cat__model_f750,0,1069
cat__model_superchar,0,1070
cat__model_supra,0,1071
cat__model_svt,0,1072
cat__model_svx,0,1073
cat__model_t,0,1074
cat__model_t100,0,1075
cat__model_t250,0,1076
cat__model_ta,0,1077
cat__model_f700,0,1078
cat__model_360,0,1079
cat__model_tc,0,1080
cat__model_telluride,0,1081
cat__model_tercel,0,1082
cat__model_terraza,0,1083
cat__model_380,0,1084
cat__model_tiburon,0,1085
cat__model_380sl,0,1086
cat__model_tilt,0,1087
cat__model_f650,0,1088
cat__model_tj,0,1089
cat__model_tl,0,1090
cat__model_tls,0,1091
cat__model_428,0,1092
cat__model_torrent,0,1093
cat__model_touareg,0,1094
cat__model_tow,0,1095
cat__model_town,0,1096
cat__model_townace,0,1097
cat__model_towncar,0,1098
cat__model_tradesman,0,1099
cat__model_trail,0,1100
cat__model_trans,0,1101
cat__model_428i,0,1102
cat__model_trasit,0,1103
cat__model_traversa,0,1104
cat__model_travese,0,1105
cat__model_tribeca,0,1106
cat__model_tribute,0,1107
cat__model_truck,0,1108
cat__model_tsx,0,1109
cat__model_tt,0,1110
cat__model_tt1,0,1111
cat__model_tts,0,1112
cat__model_tucson,0,1113
cat__model_f600,0,1114
cat__model_unlimited,0,1115
cat__model_utility,0,1116
cat__model_ux,0,1117
cat__model_v,0,1118
cat__model_v50,0,1119
cat__model_v6,0,1120
cat__model_v60,0,1121
cat__model_v70,0,1122
cat__model_v70r,0,1123
cat__model_van,0,1124
cat__model_vanagon,0,1125
cat__model_vanden,0,1126
cat__model_velar,0,1127
cat__model_430,0,1128
cat__model_venteur,0,1129
cat__model_venue,0,1130
cat__model_430i,0,1131
cat__model_veracruz,0,1132
cat__model_clk320,0,1133
cat__model_very,0,1134
cat__model_vibe,0,1135
cat__model_villager,0,1136
cat__model_viper,0,1137
cat__model_vmi,0,1138
cat__model_vnl,0,1139
cat__model_vnm,0,1140
cat__model_voyager,0,1141
cat__model_vt750c,0,1142
cat__model_vtx1300s,0,1143
cat__model_435,0,1144
cat__model_w150,0,1145
cat__model_w250,0,1146
cat__model_w350,0,1147
cat__model_wagoneer,0,1148
cat__model_westfalia,0,1149
cat__model_windstar,0,1150
cat__model_winnebago,0,1151
cat__model_435i,0,1152
cat__model_wrangleryj,0,1153
cat__model_wranler,0,1154
cat__model_440i,0,1155
cat__model_x,0,1156
cat__model_x7,0,1157
cat__model_xc,0,1158
cat__model_xc40,0,1159
cat__model_4500,0,1160
cat__model_xc70,0,1161
cat__model_450sl,0,1162
cat__model_xe,0,1163
cat__model_454,0,1164
cat__model_xg350,0,1165
cat__model_xg350l,0,1166
cat__model_xg50,0,1167
cat__model_xj,0,1168
cat__model_xj6,0,1169
cat__model_xj8,0,1170
cat__model_xjl,0,1171
cat__model_xjr,0,1172
cat__model_xjs,0,1173
cat__model_xk,0,1174
cat__model_xk8,0,1175
cat__model_xke,0,1176
cat__model_xkr,0,1177
cat__model_xlr,0,1178
cat__model_xt4,0,1179
cat__model_xt5,0,1180
cat__model_xt6,0,1181
cat__model_458,0,1182
cat__model_xts,0,1183
cat__model_460,0,1184
cat__model_f50,0,1185
cat__model_z,0,1186
cat__model_4dr,0,1187
cat__model_z3m,0,1188
cat__model_z4,0,1189
cat__model_zdm,0,1190
cat__model_zdx,0,1191
cat__model_zephyr,0,1192
cat__model_4x4,0,1193
cat__model_f,0,1194
cat__model_exspress,0,1195
cat__model_5,0,1196
cat__model_excel,0,1197
cat__model_500e,0,1198
cat__model_forte5,0,1199
cat__model_500l,0,1200
cat__model_ex35,0,1201
cat__model_ex,0,1202
cat__model_500sec,0,1203
cat__model_500x,0,1204
cat__model_evoke,0,1205
cat__model_eurovan,0,1206
cat__model_euro,0,1207
cat__model_525i,0,1208
cat__model_525it,0,1209
cat__title_status_parts only,0,1210
cat__model_etc,0,1211
cat__model_escort,0,1212
cat__model_525xi,0,1213
cat__model_es350,0,1214
cat__model_es330,0,1215
cat__model_es300h,0,1216
cat__model_es300,0,1217
cat__model_528,0,1218
cat__model_equus,0,1219
cat__model_eos,0,1220
cat__model_envoy,0,1221
cat__model_528e,0,1222
cat__model_entourage,0,1223
cat__model_endeavor,0,1224
cat__model_528ix,0,1225
cat__model_528xi,0,1226
cat__model_530e,0,1227
cat__model_electric,0,1228
cat__model_eldorado,0,1229
cat__model_elcamino,0,1230
cat__model_530i,0,1231
cat__manufacturer_harley-davidson,0,1232
cat__model_four,0,1233
cat__model_530xi,0,1234
cat__model_535,0,1235
cat__model_535d,0,1236
cat__model_el,0,1237
cat__model_535i,0,1238
cat__model_ei,0,1239
cat__model_egolf,0,1240
cat__model_535xi,0,1241
cat__model_540,0,1242
cat__manufacturer_mercury,0,1243
cat__model_545i,0,1244
cat__model_5500hd,0,1245
cat__model_550i,0,1246
cat__model_560,0,1247
cat__model_575,0,1248
cat__model_ecoline,0,1249
cat__model_eco,0,1250
cat__model_5th,0,1251
cat__model_6 Series,0,1252
cat__model_60,0,1253
cat__model_eclipses,0,1254
cat__model_eclipse,0,1255
cat__model_626,0,1256
cat__model_1,0,1257
cat__model_1 Series,0,1258
cat__model_124,0,1259
cat__model_128,0,1260
cat__model_128i,0,1261
cat__model_echo,0,1262
cat__model_e63amg,0,1263
cat__model_e550,0,1264
cat__model_e500,0,1265
cat__model_640i,0,1266
cat__model_645,0,1267
cat__model_645ci,0,1268
cat__model_650i,0,1269
cat__model_650xi,0,1270
cat__model_e450,0,1271
cat__model_718,0,1272
cat__model_740,0,1273
cat__model_740i,0,1274
cat__model_740il,0,1275
cat__model_740li,0,1276
cat__model_745,0,1277
cat__model_745i,0,1278
cat__model_745li,0,1279
cat__model_750,0,1280
cat__model_750i,0,1281
cat__model_750il,0,1282
cat__model_750li,0,1283
cat__model_760,0,1284
cat__model_760li,0,1285
cat__model_830,0,1286
cat__model_850,0,1287
cat__model_850i,0,1288
cat__model_86,0,1289
cat__model_860,0,1290
cat__model_90,0,1291
cat__state_ms,0,1292
cat__model_924s,0,1293
cat__model_rubicon,0,1294
